puzzle_id,min_diff,max_diff,avg_diff,num_solutions
0,0,24,12.133333333333333,15
1,0,12,7.142857142857143,7
4,0,10,6.0,7
5,0,14,10.0,4
6,0,4,2.0,2
8,0,36,23.89,1000
9,0,6,3.3333333333333335,3
17,0,24,11.2,5
19,0,14,8.4,5
21,0,8,4.0,4
25,0,6,3.0,2
26,0,4,2.0,2
29,0,4,2.0,2
33,0,6,3.3333333333333335,3
35,0,6,3.0,2
36,0,20,11.0,6
38,0,8,4.4,5
40,0,4,2.0,2
41,0,8,4.0,2
43,0,16,9.666666666666666,12
46,0,28,17.0,8
47,0,4,2.0,2
48,0,4,2.0,2
49,0,34,21.904761904761905,42
51,0,26,16.25,8
52,0,4,2.0,2
54,0,4,2.6666666666666665,3
56,0,4,2.0,2
59,0,4,2.0,2
63,0,12,6.0,2
64,0,26,14.0,7
65,0,16,8.0,2
66,0,4,2.0,2
67,0,26,10.5,8
72,0,16,11.2,5
73,0,4,2.0,2
75,0,22,14.73611111111111,144
76,0,14,7.8,10
77,0,16,9.666666666666666,12
78,0,10,6.333333333333333,6
79,0,4,2.0,2
82,0,8,4.666666666666667,3
83,0,10,5.0,2
87,0,12,6.666666666666667,3
90,0,16,8.0,2
92,0,12,8.0,4
97,0,4,2.0,2
98,0,10,5.5,4
102,0,10,4.8,5
103,0,6,3.0,2
104,0,6,3.0,2
105,0,6,3.0,2
111,0,4,2.0,2
113,0,32,13.5,4
114,12,34,23.16,1000
116,0,22,16.268115942028984,276
120,0,4,2.0,2
121,0,14,7.571428571428571,28
125,0,14,11.12,50
128,0,4,2.0,2
129,0,4,2.0,2
132,0,12,6.0,2
137,0,14,6.0,4
141,0,6,3.0,2
144,0,4,2.0,2
146,0,4,2.0,2
149,0,28,15.846153846153847,13
151,0,20,10.0,6
162,0,24,15.066666666666666,15
164,0,20,10.0,8
167,0,28,18.716763005780347,173
169,0,18,8.666666666666666,3
170,0,24,14.64516129032258,155
172,0,24,15.052229299363058,785
174,0,12,5.5,4
176,0,6,3.0,2
177,0,8,4.0,4
178,0,4,2.0,2
187,0,20,13.92,25
188,0,10,6.0,6
194,0,30,17.840848806366047,377
197,0,8,4.0,3
198,0,4,2.6666666666666665,3
199,0,4,2.6666666666666665,3
203,0,4,2.0,2
206,0,6,3.0,2
208,0,10,4.666666666666667,3
211,0,8,4.0,2
214,0,8,4.0,2
217,0,24,18.122065727699532,213
218,0,12,6.0,2
220,0,40,21.416666666666668,48
223,0,6,3.0,2
226,0,8,4.0,2
227,0,32,13.75,16
230,0,4,2.0,2
234,0,4,2.0,2
235,0,4,2.0,2
241,0,6,3.0,2
245,0,4,2.0,2
247,0,20,10.0,6
248,0,14,8.0,12
250,0,18,13.0,4
254,0,14,7.0,4
258,0,12,6.0,2
261,0,4,2.0,2
262,0,4,2.0,2
263,0,22,16.293768545994066,674
264,0,12,6.0,2
265,0,4,2.0,2
266,0,4,2.0,2
267,0,18,12.347826086956522,92
269,0,22,17.807909604519775,708
272,0,8,4.0,2
275,0,54,38.90909090909091,11
276,0,4,2.0,2
278,0,32,12.666666666666666,12
279,0,4,2.0,2
280,0,24,16.666666666666668,60
282,0,8,4.0,2
283,0,4,2.0,2
284,0,8,4.0,4
285,0,8,4.0,3
290,0,8,4.0,2
291,0,4,2.0,2
296,0,12,6.0,2
297,0,4,2.0,2
302,0,12,8.0,5
303,0,4,2.0,2
305,0,44,22.0,2
306,0,38,14.0,7
315,0,8,4.666666666666667,3
318,0,8,4.0,2
321,0,36,24.102564102564102,156
322,0,14,7.571428571428571,14
326,0,14,8.666666666666666,3
328,0,4,2.6666666666666665,3
329,0,12,5.333333333333333,3
334,0,8,4.0,2
337,0,12,8.0,4
347,0,4,2.0,2
351,0,4,2.0,2
353,0,4,2.0,2
354,0,34,16.363636363636363,33
358,0,8,4.666666666666667,3
360,0,16,10.5,12
364,0,22,13.454545454545455,11
366,0,18,11.444444444444445,36
367,0,8,4.666666666666667,3
375,0,4,2.0,2
381,0,18,9.555555555555555,9
383,0,8,4.0,2
386,0,4,2.0,2
389,0,4,2.0,2
390,0,40,26.666666666666668,3
391,0,28,13.87012987012987,77
392,0,12,6.0,2
395,0,20,10.0,2
397,0,4,2.0,2
398,0,8,4.0,4
399,0,10,5.333333333333333,3
404,0,20,10.625,32
406,0,6,3.3333333333333335,3
407,0,12,6.666666666666667,3
410,0,10,5.714285714285714,7
411,0,4,2.0,2
413,0,4,2.0,2
418,0,4,2.0,2
420,0,8,4.0,2
428,0,16,8.0,2
431,0,4,2.0,2
432,0,4,2.0,2
437,0,22,10.848484848484848,33
439,0,12,7.555555555555555,18
441,0,10,6.0,6
450,0,28,21.666666666666668,6
454,0,16,8.0,2
455,0,28,17.6,5
457,0,18,14.527777777777779,144
459,0,4,2.0,2
466,0,10,5.5,4
470,0,6,3.0,2
477,0,4,2.0,2
478,0,24,11.176470588235293,17
479,0,12,6.0,6
480,0,18,12.56,25
481,0,8,4.0,2
483,0,4,2.0,2
484,0,8,4.0,4
486,0,4,2.0,2
499,0,26,16.625,16
502,0,20,12.0,10
503,0,14,9.333333333333334,6
504,0,14,9.38888888888889,36
509,0,20,11.0,8
510,0,42,24.88888888888889,18
512,0,4,2.0,2
515,0,8,4.0,2
516,0,4,2.0,2
517,0,6,3.0,2
518,0,10,4.666666666666667,3
524,0,12,6.0,4
525,0,14,7.0,4
527,0,8,4.0,3
529,0,28,17.4375,32
530,0,14,8.833333333333334,24
532,0,16,8.5,4
539,0,4,2.0,2
544,0,4,2.0,2
546,0,6,3.0,2
549,0,8,4.666666666666667,3
555,0,34,18.399193548387096,496
557,0,6,3.0,2
558,0,4,2.0,2
560,0,4,2.0,2
563,0,4,2.0,2
566,0,4,2.0,2
576,0,12,6.0,2
577,0,4,2.0,2
578,0,6,4.0,6
580,0,8,4.0,2
582,0,12,6.0,2
583,4,30,17.542,1000
584,0,10,5.5,8
587,0,20,12.0,3
589,0,26,13.538461538461538,13
595,0,28,10.833333333333334,24
597,0,4,2.0,2
598,0,36,23.172054223149114,959
601,0,12,8.285714285714286,14
605,0,16,8.0,2
606,0,24,20.920353982300885,113
609,0,4,2.0,2
610,0,8,4.0,4
616,0,32,20.0,5
618,0,4,2.0,2
619,0,4,2.0,2
621,0,8,4.0,3
622,0,32,21.68421052631579,38
625,0,12,6.0,4
629,0,6,3.0,2
630,0,34,19.346534653465348,202
631,0,6,3.0,2
632,0,8,4.0,2
635,0,4,2.0,2
637,0,4,2.0,2
639,0,16,7.5,4
641,0,18,9.176470588235293,17
643,0,12,6.0,4
646,0,8,4.0,2
647,0,16,9.5,8
648,0,4,2.0,2
649,0,32,17.0,4
655,0,4,2.0,2
659,0,18,12.4,5
663,0,30,18.658959537572255,173
666,0,20,11.333333333333334,42
667,0,8,4.0,2
671,0,26,16.28985507246377,207
675,0,4,2.0,2
677,0,44,19.565217391304348,23
678,0,20,9.714285714285714,21
679,0,4,2.0,2
680,0,4,2.0,2
681,0,16,8.0,2
683,0,24,16.72340425531915,94
684,0,22,13.785714285714286,56
686,0,18,9.076923076923077,13
687,0,16,8.4,5
688,0,12,6.0,2
690,0,6,3.3333333333333335,3
692,0,4,2.0,2
693,0,6,3.0,2
698,0,10,4.666666666666667,3
699,0,16,9.2,5
700,0,22,14.20754716981132,106
702,0,8,4.0,2
704,0,22,12.666666666666666,12
706,0,30,18.823529411764707,17
708,0,8,4.0,4
709,0,26,17.575757575757574,66
712,0,14,6.0,3
713,0,14,9.1,20
715,0,36,24.694,1000
716,0,18,10.5,4
724,0,4,2.0,2
725,0,38,23.133333333333333,240
727,0,12,6.0,4
730,0,4,2.0,2
732,0,4,2.0,2
733,0,12,6.0,4
734,0,20,10.0,2
735,0,26,17.333333333333332,3
736,0,16,9.798319327731093,119
737,0,4,2.0,2
738,0,24,13.516666666666667,240
742,0,8,4.0,2
746,0,20,11.882352941176471,17
748,0,8,4.0,2
749,0,6,3.0,2
751,0,28,14.0,2
758,0,24,13.964497041420119,169
760,0,20,13.0,24
761,0,10,5.0,2
762,0,12,6.333333333333333,12
769,0,4,2.0,2
771,0,12,6.0,4
775,0,4,2.0,2
777,0,4,2.0,2
780,0,8,4.0,2
781,0,12,6.0,3
782,0,24,9.6,5
784,0,6,3.0,2
785,0,6,3.3333333333333335,3
786,0,12,7.894736842105263,19
788,0,14,7.6,15
789,0,4,2.0,2
790,0,10,5.0,4
792,0,4,2.0,2
793,0,34,26.666666666666668,18
794,0,10,4.666666666666667,3
800,0,18,12.666666666666666,15
802,0,22,14.947368421052632,38
803,0,8,4.0,4
807,0,22,12.25287356321839,87
814,0,12,6.7272727272727275,11
816,6,34,18.17,1000
818,0,8,4.0,3
824,0,14,7.333333333333333,6
827,0,4,2.0,2
830,0,4,2.0,2
832,0,26,12.222222222222221,18
835,0,12,6.0,4
838,0,42,26.15686274509804,306
839,0,4,2.0,2
841,0,8,4.0,2
843,0,16,8.666666666666666,3
847,0,20,10.0,2
848,0,10,6.0,3
852,0,10,6.25,8
856,0,18,11.666666666666666,12
861,0,26,18.0,14
864,0,16,8.5,8
869,0,6,3.0,2
872,0,4,2.0,2
873,0,16,8.666666666666666,6
875,0,6,3.0,2
876,0,16,8.555555555555555,18
879,0,16,9.333333333333334,3
880,0,20,12.714285714285714,28
881,0,6,3.0,2
883,0,22,14.4,5
887,0,8,4.0,2
891,0,6,4.0,6
894,0,12,5.428571428571429,7
899,0,26,12.470588235294118,17
902,0,26,15.473684210526315,19
909,0,18,9.333333333333334,6
910,0,16,8.0,2
914,0,10,4.666666666666667,3
916,0,18,9.978494623655914,93
917,0,24,9.5,4
918,0,38,20.46153846153846,13
919,0,8,4.0,3
920,0,18,11.333333333333334,72
923,0,8,4.0,3
924,0,4,2.6666666666666665,3
925,0,4,2.0,2
926,0,4,2.0,2
927,0,6,3.3333333333333335,3
929,0,10,5.0,4
930,0,4,2.0,2
932,0,4,2.0,2
934,0,4,2.0,2
936,0,12,7.0,8
937,0,18,10.066666666666666,30
938,0,30,23.138,1000
939,0,6,3.3333333333333335,3
941,0,18,11.0,6
943,0,8,4.0,4
945,0,6,3.0,2
947,0,18,9.333333333333334,3
948,0,4,2.0,2
951,0,4,2.0,2
954,0,4,2.0,2
959,0,32,18.890173410404625,173
962,0,4,2.0,2
969,0,34,19.076923076923077,26
970,0,18,9.764705882352942,17
971,0,4,2.0,2
972,0,4,2.0,2
973,0,12,7.9375,32
978,0,22,10.8,10
982,0,4,2.0,2
983,0,8,4.0,2
986,0,24,16.555555555555557,18
989,0,6,3.0,2
992,0,14,7.5,4
994,0,4,2.0,2
995,0,4,2.0,2
997,0,4,2.0,2
1008,0,8,4.0,2
1010,0,14,7.2,5
1011,0,8,4.0,2
1015,0,28,14.0,2
1016,0,4,2.0,2
1017,0,4,2.0,2
1018,0,4,2.0,2
1020,0,16,8.0,2
1021,0,24,14.25,8
1024,0,4,2.0,2
1026,0,42,24.65,1000
1031,0,10,5.714285714285714,7
1033,0,16,11.333333333333334,6
1037,0,6,3.0,2
1038,0,16,8.0,2
1040,0,10,5.333333333333333,6
1043,0,4,2.0,2
1044,0,4,2.0,2
1048,0,16,8.0,2
1049,0,4,2.0,2
1053,0,4,2.0,2
1054,0,16,10.8,25
1056,0,8,4.0,2
1057,0,34,26.666666666666668,18
1058,0,16,9.75,8
1060,0,8,4.0,4
1062,0,4,2.0,2
1073,0,4,2.0,2
1074,0,16,9.571428571428571,14
1075,0,18,11.5,8
1077,0,12,5.333333333333333,6
1078,0,12,6.0,2
1080,0,12,8.0,5
1085,0,24,15.703703703703704,54
1088,0,20,11.5,20
1089,0,8,4.0,3
1091,0,10,5.666666666666667,6
1093,0,30,20.991666666666667,240
1094,0,14,8.4,5
1102,0,4,2.0,2
1103,0,8,4.0,2
1104,0,8,4.333333333333333,6
1105,0,4,2.0,2
1106,0,10,6.4,5
1108,0,20,13.047619047619047,21
1110,0,12,6.666666666666667,3
1112,0,4,2.0,2
1114,0,16,8.0,6
1117,0,24,14.892857142857142,56
1120,0,4,2.0,2
1123,0,32,19.53035143769968,626
1124,0,4,2.0,2
1126,0,12,6.0,2
1131,0,4,2.0,2
1135,0,26,17.25,8
1139,0,36,24.07,1000
1140,0,16,10.4,5
1141,0,4,2.0,2
1144,0,10,5.0,2
1145,0,10,4.666666666666667,3
1151,0,30,16.304347826086957,92
1152,0,8,4.0,2
1153,0,22,13.770833333333334,384
1154,0,4,2.0,2
1155,0,8,4.0,4
1159,0,10,5.555555555555555,9
1160,0,44,25.616161616161616,99
1161,0,10,5.0,4
1162,0,24,12.869565217391305,23
1164,0,40,19.79858657243816,566
1166,0,12,6.0,2
1167,0,16,9.333333333333334,3
1170,0,24,13.840909090909092,88
1173,0,24,12.0,4
1175,0,16,9.333333333333334,6
1178,0,8,4.0,2
1181,0,4,2.0,2
1188,0,24,11.714285714285714,7
1189,0,18,10.666666666666666,3
1193,0,28,14.0,2
1195,0,4,2.0,2
1197,0,10,6.0,3
1198,0,4,2.6666666666666665,3
1200,0,4,2.0,2
1201,0,6,3.3333333333333335,3
1202,0,8,4.0,2
1205,0,20,10.0,2
1207,0,4,2.0,2
1211,0,4,2.0,2
1212,0,10,4.666666666666667,3
1217,0,4,2.0,2
1219,0,30,22.636363636363637,44
1221,0,8,4.0,2
1223,0,32,16.571428571428573,7
1227,0,6,3.0,2
1230,0,14,6.0,3
1233,0,12,6.444444444444445,9
1238,0,4,2.0,2
1244,0,4,2.0,2
1251,0,20,12.137931034482758,116
1253,0,8,4.0,4
1254,0,4,2.0,2
1259,0,10,5.0,4
1260,0,32,16.666666666666668,6
1261,0,4,2.0,2
1264,0,22,11.555555555555555,9
1273,0,12,5.333333333333333,3
1275,0,4,2.0,2
1276,0,16,8.5,12
1279,0,24,13.68421052631579,19
1280,0,16,8.0,2
1281,0,22,14.0,4
1284,0,40,32.5625,416
1287,0,14,8.25,8
1289,0,26,16.0,13
1291,0,28,16.0,16
1294,10,32,25.412,1000
1296,0,12,7.2,10
1298,0,4,2.0,2
1300,0,4,2.0,2
1301,0,12,6.0,2
1303,0,4,2.0,2
1305,0,8,4.0,2
1308,0,14,7.2,10
1315,0,8,4.0,4
1318,0,8,4.0,4
1320,0,10,5.6,5
1321,0,18,9.428571428571429,7
1325,0,4,2.0,2
1327,0,4,2.0,2
1335,0,18,11.666666666666666,12
1336,0,8,4.0,3
1337,0,12,6.0,2
1341,0,6,3.3333333333333335,3
1346,0,34,21.946,1000
1351,0,4,2.0,2
1352,0,24,15.538461538461538,26
1356,0,8,6.0,24
1358,0,28,19.807692307692307,52
1359,0,8,4.0,3
1361,0,32,23.285714285714285,28
1363,0,20,13.666666666666666,24
1368,0,14,6.0,3
1370,0,8,4.666666666666667,3
1377,0,4,2.0,2
1379,0,12,8.0,5
1383,0,20,9.6,5
1385,0,4,2.0,2
1390,0,16,8.0,4
1391,0,24,17.025,240
1393,0,4,2.0,2
1395,0,22,13.428571428571429,14
1396,0,8,4.0,4
1397,0,20,10.0,2
1400,0,16,9.0,4
1403,0,12,6.0,2
1410,0,4,2.0,2
1412,0,34,12.142857142857142,14
1414,0,20,11.0,4
1417,0,4,2.0,2
1418,0,10,5.666666666666667,6
1422,0,8,4.666666666666667,3
1424,0,8,4.8,5
1425,0,36,24.5,4
1427,0,26,19.57983193277311,238
1429,0,4,2.0,2
1433,0,24,10.0,6
1435,0,16,8.0,2
1436,0,8,4.75,8
1439,0,12,6.0,4
1442,0,14,6.666666666666667,3
1443,0,4,2.0,2
1444,0,8,4.0,3
1445,0,4,2.0,2
1447,0,26,16.35410764872521,706
1449,0,12,6.0,3
1450,0,12,6.0,4
1452,0,18,8.666666666666666,3
1454,0,14,6.444444444444445,9
1455,0,4,2.0,2
1464,0,4,2.0,2
1468,0,4,2.0,2
1469,0,38,25.384615384615383,78
1471,0,4,2.0,2
1473,0,10,5.25,8
1485,0,8,4.0,2
1486,0,4,2.0,2
1489,0,8,4.0,2
1492,0,24,9.882352941176471,51
1497,0,18,11.333333333333334,12
1499,0,20,10.333333333333334,6
1503,0,28,14.0,2
1504,0,6,3.3333333333333335,3
1506,0,28,14.0,2
1508,0,26,20.428,1000
1512,0,4,2.0,2
1515,0,4,2.0,2
1523,0,4,2.0,2
1524,0,6,3.0,2
1527,0,10,4.666666666666667,3
1536,0,28,16.22,1000
1537,0,4,2.0,2
1540,0,8,4.666666666666667,3
1543,0,12,6.0,2
1545,0,32,22.654,1000
1549,0,8,4.333333333333333,6
1550,0,6,3.3333333333333335,3
1552,0,4,2.0,2
1555,0,10,5.0,2
1556,0,6,3.3333333333333335,3
1557,0,6,3.0,2
1559,0,8,4.0,2
1562,0,10,5.333333333333333,6
1565,0,12,6.0,2
1566,0,4,2.0,2
1568,0,18,12.32,25
1571,0,12,7.714285714285714,7
1572,0,30,21.61832061068702,524
1575,0,4,2.0,2
1576,0,34,20.666666666666668,3
1577,0,26,17.526946107784433,334
1578,0,12,8.363636363636363,11
1579,0,6,3.3333333333333335,3
1580,0,18,9.5,8
1581,0,10,4.666666666666667,3
1583,0,4,2.0,2
1584,0,8,4.0,4
1586,0,16,9.0,4
1591,0,18,10.08,50
1600,0,10,5.0,2
1607,0,38,25.0,44
1611,0,4,2.0,2
1615,24,44,33.452,1000
1617,0,4,2.0,2
1625,0,28,16.766666666666666,120
1626,0,6,4.0,6
1630,0,4,2.0,2
1634,0,26,11.333333333333334,12
1636,0,30,19.182608695652174,230
1637,0,20,12.761904761904763,21
1639,0,4,2.0,2
1641,0,18,9.142857142857142,7
1646,0,4,2.0,2
1653,0,4,2.0,2
1659,8,42,30.048,1000
1661,0,30,14.789473684210526,38
1662,0,4,2.0,2
1663,0,16,8.0,2
1665,0,30,19.272727272727273,22
1667,0,22,12.823529411764707,34
1671,0,10,5.5,4
1672,0,8,4.0,4
1675,0,6,3.0,2
1677,0,16,6.4,5
1678,0,4,2.0,2
1679,0,4,2.0,2
1680,0,12,8.0,3
1683,0,10,5.333333333333333,6
1684,0,40,24.0625,32
1688,0,10,5.0,4
1691,0,18,13.307692307692308,52
1692,8,24,18.258,1000
1693,0,8,4.666666666666667,3
1701,0,16,10.619047619047619,42
1704,0,8,4.0,4
1706,0,12,6.0,4
1707,0,14,7.777777777777778,9
1708,0,6,3.5,4
1713,0,4,2.0,2
1715,0,4,2.0,2
1722,0,4,2.0,2
1726,0,4,2.0,2
1728,0,4,2.0,2
1731,0,20,10.0,2
1734,0,4,2.0,2
1735,0,14,7.777777777777778,9
1736,0,28,20.081632653061224,49
1737,0,30,15.76923076923077,26
1738,0,4,2.0,2
1743,0,28,17.849431818181817,704
1748,0,26,17.363636363636363,22
1753,0,4,2.0,2
1756,0,4,2.0,2
1759,0,20,11.666666666666666,6
1760,0,12,6.0,2
1761,0,6,3.0,2
1762,0,16,7.333333333333333,6
1765,0,6,3.0,2
1766,0,20,10.0,2
1767,0,8,4.0,2
1770,0,16,8.333333333333334,6
1772,0,8,4.0,3
1774,0,4,2.0,2
1777,0,26,16.120481927710845,83
1780,0,10,6.0,3
1781,0,8,4.0,2
1784,0,4,2.0,2
1786,0,16,6.4,5
1790,0,4,2.0,2
1791,0,28,14.0,2
1793,0,4,2.0,2
1795,0,4,2.0,2
1796,0,14,9.2,5
1798,0,4,2.0,2
1801,0,12,6.2,10
1802,0,22,14.142857142857142,14
1807,0,8,4.0,2
1808,0,12,6.0,2
1813,0,16,10.25,24
1814,0,12,7.0,10
1818,0,10,6.285714285714286,7
1821,0,8,4.0,4
1822,0,32,19.292517006802722,294
1828,0,24,15.65,200
1829,0,14,10.666666666666666,9
1836,0,12,6.0,2
1837,0,18,11.333333333333334,3
1843,0,4,2.0,2
1844,0,12,8.0,3
1850,0,18,12.266666666666667,15
1851,0,14,7.5,4
1854,0,8,4.0,2
1855,0,18,11.5,16
1860,0,4,2.0,2
1861,0,16,9.818181818181818,11
1862,0,8,4.0,3
1869,0,4,2.0,2
1871,0,8,4.0,2
1874,0,18,9.0,12
1882,0,28,14.0,2
1884,0,8,4.0,4
1885,0,20,12.714285714285714,14
1887,0,8,4.0,2
1892,0,8,4.0,2
1894,0,8,4.0,2
1895,0,30,15.67420814479638,221
1896,0,12,7.2,10
1897,0,4,2.0,2
1898,0,8,4.0,2
1899,0,8,5.333333333333333,6
1901,0,20,11.0,4
1902,0,24,15.460674157303371,178
1905,0,6,3.0,2
1908,0,12,7.333333333333333,3
1909,0,16,9.0,18
1911,0,8,4.0,4
1916,0,20,10.0,2
1923,0,28,15.294117647058824,34
1926,0,4,2.0,2
1927,0,4,2.0,2
1928,0,12,6.0,4
1929,0,16,9.6,10
1931,0,24,12.0,2
1933,0,42,20.24,25
1937,0,10,5.333333333333333,6
1938,0,4,2.0,2
1942,0,4,2.0,2
1945,0,4,2.0,2
1953,0,28,17.416666666666668,24
1955,0,8,4.0,2
1956,0,20,11.50561797752809,89
1958,0,32,18.897435897435898,78
1961,0,6,3.0,2
1973,0,20,10.25,8
1974,0,4,2.0,2
1975,0,14,8.8125,32
1978,0,4,2.0,2
1983,0,24,12.759036144578314,332
1984,0,12,6.0,2
1986,0,8,4.0,3
1987,0,8,4.0,2
1988,0,4,2.0,2
1989,0,8,4.0,3
1992,0,4,2.0,2
1993,0,4,2.0,2
1994,0,4,2.0,2
1995,0,10,6.0,4
1996,0,20,12.0,3
1997,0,12,5.333333333333333,3
1999,0,4,2.0,2
2002,0,30,16.6,40
2007,0,16,10.470588235294118,34
2008,0,6,4.0,4
2011,0,4,2.0,2
2018,0,4,2.0,2
2021,0,10,5.0,2
2023,0,4,2.0,2
2025,0,8,5.0,6
2027,0,8,4.0,2
2029,0,24,14.305555555555555,72
2030,0,16,8.0,2
2032,0,14,8.0,10
2033,0,4,2.0,2
2034,0,8,4.0,2
2035,0,4,2.0,2
2037,0,26,15.5,36
2043,0,30,15.0,2
2046,0,8,4.0,4
2051,6,26,18.54,1000
2056,0,4,2.0,2
2057,0,8,4.0,2
2058,0,18,9.0,2
2060,0,4,2.0,2
2063,0,4,2.0,2
2064,0,22,13.903614457831326,83
2066,0,16,9.529411764705882,17
2067,0,8,4.0,2
2071,0,20,9.333333333333334,3
2072,0,30,18.63157894736842,38
2074,0,8,4.0,3
2076,0,12,6.857142857142857,7
2077,0,4,2.0,2
2079,0,8,4.0,4
2082,0,22,13.28,25
2086,0,4,2.0,2
2087,0,10,5.0,2
2089,0,30,14.504065040650406,123
2091,0,20,10.0,2
2092,0,6,3.0,2
2093,0,36,16.736842105263158,19
2094,0,4,2.0,2
2100,0,4,2.0,2
2101,0,4,2.0,2
2108,0,24,12.0,9
2109,0,4,2.0,2
2111,0,6,3.0,2
2112,0,4,2.0,2
2113,0,12,7.5,4
2116,0,4,2.0,2
2118,0,42,27.0,18
2119,0,6,3.3333333333333335,3
2121,0,12,6.0,4
2123,0,4,2.0,2
2125,0,24,13.6,10
2126,0,20,12.117647058823529,17
2129,0,8,4.0,4
2133,0,4,2.0,2
2134,0,6,4.0,6
2136,0,20,13.066666666666666,15
2141,0,30,19.13564668769716,317
2142,0,16,8.0,4
2143,0,36,29.92990142387733,913
2144,0,14,8.0,7
2150,0,28,16.533333333333335,30
2156,0,4,2.6666666666666665,3
2157,0,32,16.0,2
2158,0,4,2.0,2
2159,0,4,2.6666666666666665,3
2162,0,4,2.0,2
2164,0,4,2.0,2
2167,0,30,21.523809523809526,21
2170,0,4,2.0,2
2171,0,8,4.0,2
2173,0,4,2.0,2
2176,0,4,2.6666666666666665,3
2177,0,8,4.0,2
2183,0,10,5.0,2
2185,0,8,5.0,6
2186,0,30,16.0,4
2187,0,16,10.1,20
2189,0,10,5.4,10
2190,0,4,2.0,2
2195,0,4,2.0,2
2197,0,12,6.0,4
2199,0,12,7.777777777777778,18
2200,0,4,2.0,2
2206,0,4,2.0,2
2211,0,38,20.774193548387096,124
2214,0,40,20.0,2
2220,0,12,8.0,3
2224,0,28,14.145833333333334,96
2230,10,44,28.828,1000
2231,0,10,5.333333333333333,3
2234,0,4,2.0,2
2235,0,14,9.692307692307692,26
2239,0,26,15.92,25
2242,0,28,18.32,50
2246,0,18,9.333333333333334,84
2247,0,24,12.0,2
2250,0,14,7.75,16
2251,0,4,2.0,2
2253,0,8,4.0,2
2261,0,16,9.333333333333334,3
2263,0,8,4.0,4
2264,0,4,2.0,2
2265,0,4,2.0,2
2269,0,34,23.716814159292035,226
2270,0,22,10.5,12
2271,0,10,6.0,6
2275,0,32,19.30952380952381,84
2277,0,42,31.033078880407125,393
2279,0,4,2.0,2
2286,0,10,6.0,3
2289,0,8,4.0,2
2290,0,28,16.236220472440944,381
2292,0,28,12.666666666666666,18
2296,0,4,2.0,2
2303,0,8,4.0,2
2304,0,34,24.027397260273972,73
2306,0,4,2.0,2
2309,0,18,11.789473684210526,19
2314,0,4,2.0,2
2316,0,26,14.166666666666666,12
2317,0,16,9.285714285714286,14
2318,0,10,6.470588235294118,17
2323,0,24,15.866666666666667,15
2324,0,32,16.0,2
2326,0,4,2.0,2
2329,0,8,4.0,2
2330,0,36,26.5,1000
2331,0,4,2.0,2
2334,0,10,5.5,4
2336,0,12,6.0,2
2337,0,16,9.6,20
2339,0,28,18.5,20
2340,0,22,11.28,25
2341,0,4,2.0,2
2342,0,4,2.0,2
2343,0,18,11.538461538461538,26
2348,0,10,4.666666666666667,3
2350,0,8,4.5,4
2351,0,4,2.0,2
2352,0,10,6.0,12
2353,0,8,4.0,2
2357,0,4,2.0,2
2363,0,26,17.333333333333332,21
2364,0,4,2.0,2
2366,0,4,2.0,2
2367,0,16,10.444444444444445,9
2370,0,14,8.0,6
2371,0,4,2.0,2
2374,0,4,2.0,2
2375,0,34,24.0,6
2377,0,32,16.0,2
2378,0,20,12.285714285714286,7
2383,0,8,4.0,2
2385,0,14,7.0,4
2387,0,8,4.0,4
2388,0,12,6.833333333333333,12
2390,10,36,25.92,1000
2391,0,28,14.0,2
2392,0,32,17.77367205542725,866
2393,0,4,2.0,2
2397,0,12,6.666666666666667,3
2398,0,20,11.117647058823529,34
2402,0,20,13.5,24
2403,0,4,2.0,2
2404,0,16,8.0,2
2405,0,8,4.0,2
2406,0,4,2.0,2
2414,0,6,3.5,4
2417,0,4,2.0,2
2424,0,16,9.166666666666666,12
2425,0,14,9.571428571428571,14
2426,0,4,2.0,2
2428,0,14,8.4,10
2431,0,4,2.0,2
2432,0,12,5.333333333333333,3
2434,0,10,5.428571428571429,7
2437,0,12,7.8,10
2438,0,32,16.0,2
2441,0,10,6.0,6
2442,0,4,2.0,2
2444,0,24,12.0,2
2445,0,36,20.285714285714285,7
2446,0,8,4.0,4
2449,0,8,5.333333333333333,3
2450,0,12,7.0,12
2452,0,14,8.727272727272727,11
2453,0,26,15.79182156133829,269
2454,0,8,4.0,2
2456,0,8,4.0,2
2459,0,12,5.333333333333333,3
2461,0,10,4.8,5
2462,0,12,6.0,2
2466,0,22,8.8,5
2474,0,20,10.0,2
2475,0,20,11.444444444444445,18
2476,0,10,6.0,3
2477,0,8,4.666666666666667,3
2478,0,6,4.0,4
2479,0,4,2.0,2
2484,0,18,11.25,8
2486,0,4,2.0,2
2487,0,4,2.0,2
2490,0,4,2.0,2
2493,0,22,16.0,33
2494,6,34,23.534,1000
2498,0,12,8.0,16
2499,0,8,4.0,3
2503,0,4,2.0,2
2504,0,4,2.0,2
2505,0,16,9.666666666666666,18
2507,0,10,5.0,4
2509,0,24,12.0,3
2510,0,32,21.0,8
2511,0,16,8.0,2
2512,0,4,2.0,2
2518,0,4,2.0,2
2519,0,24,13.333333333333334,15
2521,0,14,7.0,8
2537,0,10,5.5,4
2538,0,4,2.6666666666666665,3
2540,0,16,8.0,2
2543,0,18,10.0,3
2545,0,8,4.0,2
2549,0,18,11.363636363636363,22
2552,0,4,2.6666666666666665,3
2555,0,12,8.0,6
2557,0,4,2.0,2
2558,0,28,18.8,25
2559,0,28,16.777070063694268,942
2560,0,10,5.333333333333333,6
2564,0,4,2.0,2
2565,0,4,2.0,2
2566,0,4,2.0,2
2569,0,8,4.0,4
2570,0,16,8.0,2
2573,0,4,2.0,2
2574,0,28,20.125,96
2575,0,4,2.0,2
2582,0,4,2.0,2
2585,0,18,10.0,3
2586,0,4,2.0,2
2587,0,22,12.0,16
2590,0,10,5.0,2
2592,0,12,6.0,4
2593,0,4,2.6666666666666665,3
2596,0,4,2.0,2
2599,0,12,6.666666666666667,6
2601,0,6,3.3333333333333335,3
2602,0,26,13.0,26
2605,0,6,3.3333333333333335,3
2606,0,22,11.0,4
2607,0,10,4.666666666666667,3
2608,0,4,2.0,2
2609,0,4,2.0,2
2615,0,6,3.0,2
2619,0,4,2.0,2
2624,0,4,2.6666666666666665,3
2626,0,8,4.0,2
2629,0,8,4.0,4
2631,0,8,5.0,6
2634,0,8,4.0,3
2636,0,4,2.0,2
2638,0,12,6.0,6
2639,0,8,4.0,2
2640,0,6,3.3333333333333335,3
2642,0,8,4.0,2
2644,0,4,2.0,2
2645,0,8,4.0,2
2648,0,14,7.428571428571429,7
2651,0,24,14.0,12
2656,0,22,13.870967741935484,31
2657,0,28,19.191011235955056,89
2658,6,26,18.64,1000
2668,0,8,4.0,4
2669,0,24,11.894736842105264,19
2671,0,20,14.11111111111111,216
2674,0,22,14.727272727272727,11
2675,0,4,2.0,2
2680,0,4,2.0,2
2685,0,20,10.666666666666666,6
2687,0,12,6.0,8
2689,0,12,6.0,4
2691,0,22,14.0,6
2693,0,4,2.0,2
2696,0,8,5.0,6
2697,0,4,2.0,2
2698,0,20,10.0,2
2701,0,8,4.0,4
2702,0,4,2.0,2
2703,0,6,3.0,2
2704,0,20,10.235294117647058,17
2705,0,4,2.0,2
2706,0,26,9.692307692307692,26
2709,0,18,11.333333333333334,6
2717,0,4,2.0,2
2720,0,24,14.666666666666666,3
2724,0,12,6.0,2
2726,0,28,18.04804804804805,333
2733,0,8,4.0,2
2735,0,32,14.4,5
2736,0,36,28.470588235294116,17
2737,0,16,8.0,2
2739,0,8,4.0,3
2741,0,18,12.714285714285714,42
2742,0,28,11.5,8
2751,0,20,13.333333333333334,12
2752,0,12,7.714285714285714,7
2753,0,4,2.0,2
2754,0,26,16.5,20
2756,10,28,23.806,1000
2760,0,8,4.0,4
2765,0,4,2.0,2
2767,0,22,14.746031746031745,126
2768,0,20,11.951612903225806,248
2769,0,28,14.0,2
2774,0,4,2.0,2
2781,0,12,5.5,4
2782,0,26,17.0,28
2784,0,8,4.0,4
2785,0,4,2.0,2
2786,0,26,12.857142857142858,14
2787,0,30,18.285714285714285,7
2788,0,12,7.428571428571429,14
2790,0,8,4.0,2
2791,0,8,4.0,2
2793,0,16,8.444444444444445,9
2797,0,22,12.222222222222221,36
2803,0,4,2.0,2
2806,0,4,2.0,2
2809,0,44,22.0,2
2812,0,32,14.333333333333334,6
2817,0,8,4.0,3
2818,0,12,6.0,4
2821,0,8,4.0,2
2823,0,26,12.0,5
2824,0,22,11.5,4
2825,0,8,4.0,2
2836,0,26,20.181818181818183,11
2839,0,12,6.0,2
2840,0,18,12.4,25
2842,0,10,5.0,4
2843,0,4,2.0,2
2848,0,4,2.6666666666666665,3
2849,0,30,20.256637168141594,226
2853,0,18,10.0,5
2856,0,16,11.0,4
2857,0,6,3.0,2
2859,0,10,4.666666666666667,3
2860,0,4,2.0,2
2863,0,26,15.184065934065934,728
2864,0,6,3.3333333333333335,3
2866,0,10,5.333333333333333,6
2868,0,8,4.0,3
2870,0,20,10.0,2
2871,0,4,2.0,2
2873,0,8,4.8,5
2874,0,6,3.0,2
2875,0,4,2.0,2
2876,0,4,2.0,2
2877,0,14,8.142857142857142,14
2880,0,32,24.333333333333332,66
2883,0,38,19.0,4
2886,0,4,2.0,2
2887,0,28,21.337662337662337,308
2891,0,8,4.0,4
2892,0,34,20.24778761061947,113
2894,0,28,17.165562913907284,151
2895,0,20,9.5,8
2896,0,24,16.0,5
2899,0,24,15.847953216374268,171
2903,0,12,6.0,4
2904,8,36,28.584,1000
2906,0,8,4.0,4
2911,0,12,5.666666666666667,6
2912,0,4,2.0,2
2915,0,12,6.0,2
2919,0,10,5.333333333333333,6
2920,0,18,9.0,2
2922,0,34,27.38,1000
2923,0,18,8.545454545454545,11
2924,0,4,2.0,2
2928,0,8,4.0,2
2930,0,8,4.0,2
2931,0,4,2.0,2
2935,0,12,7.083333333333333,24
2936,0,16,9.923076923076923,26
2939,0,16,11.063063063063064,111
2940,0,14,8.8,5
2941,0,22,14.722222222222221,180
2945,0,12,6.0,2
2951,0,4,2.0,2
2952,0,4,2.0,2
2956,0,22,13.458333333333334,48
2958,0,4,2.0,2
2959,0,26,20.0,5
2962,0,18,9.2,10
2963,0,12,7.2,5
2964,0,4,2.0,2
2969,0,4,2.0,2
2970,0,4,2.6666666666666665,3
2973,0,16,8.666666666666666,9
2979,0,8,4.0,3
2981,0,34,20.666666666666668,3
2988,0,18,11.172413793103448,174
2989,0,8,4.0,4
2990,0,10,5.0,4
2994,0,4,2.0,2
2995,0,12,6.2,10
2997,0,4,2.0,2
2999,0,4,2.0,2
3005,0,28,20.1,20
3013,0,8,4.0,2
3014,0,8,4.0,2
3016,0,16,8.222222222222221,9
3017,0,18,7.333333333333333,3
3018,0,4,2.0,2
3019,0,24,10.666666666666666,3
3020,0,4,2.0,2
3021,0,18,12.5,8
3023,0,4,2.0,2
3031,0,32,23.09090909090909,22
3032,0,4,2.0,2
3034,4,22,16.094,1000
3035,0,34,19.36842105263158,209
3036,0,24,17.333333333333332,72
3037,0,16,8.0,4
3038,0,18,10.857142857142858,7
3039,0,28,16.170212765957448,47
3040,0,34,17.0,2
3041,0,6,3.0,2
3046,0,10,5.0,4
3049,0,14,9.25,24
3055,0,24,16.875968992248062,258
3062,0,16,9.5,8
3063,0,26,19.2,10
3064,0,12,7.636363636363637,11
3067,0,4,2.0,2
3070,0,8,4.0,2
3071,0,4,2.0,2
3075,0,10,5.0,2
3077,0,40,31.855263157894736,304
3078,0,8,4.0,4
3081,0,14,8.105263157894736,19
3086,0,10,5.0,2
3087,0,4,2.0,2
3090,0,18,10.264705882352942,68
3091,0,12,6.8,5
3092,0,20,11.272727272727273,99
3093,0,4,2.0,2
3094,0,4,2.0,2
3100,0,8,4.0,2
3101,0,4,2.0,2
3103,0,16,8.0,2
3104,0,34,20.927731092436975,595
3105,0,12,6.0,4
3110,0,8,4.0,2
3111,0,30,17.875,32
3118,0,32,18.69683257918552,442
3124,0,22,13.866666666666667,30
3127,0,32,16.0,2
3128,0,4,2.0,2
3134,0,30,17.560439560439562,91
3135,0,8,4.0,3
3138,0,8,5.5,8
3142,0,16,7.428571428571429,7
3147,0,22,9.777777777777779,18
3151,0,10,6.444444444444445,9
3153,0,28,19.132530120481928,332
3155,0,10,5.75,8
3157,0,22,14.0,21
3160,0,28,15.5,4
3162,0,22,12.5,4
3163,0,4,2.0,2
3167,0,8,4.0,3
3168,0,14,8.75,16
3169,0,12,10.285714285714286,7
3170,0,4,2.0,2
3174,0,22,14.10752688172043,93
3178,0,4,2.0,2
3180,0,4,2.0,2
3183,0,8,4.666666666666667,3
3185,0,8,4.0,2
3190,0,28,18.0,3
3191,0,6,3.5,4
3192,0,16,7.304347826086956,23
3197,0,24,12.205128205128204,39
3200,0,20,10.0,6
3201,0,4,2.6666666666666665,3
3204,0,8,4.0,2
3206,0,20,11.6,20
3207,0,8,4.0,2
3211,0,4,2.0,2
3212,0,4,2.0,2
3214,0,16,8.0,4
3215,0,48,29.333333333333332,3
3216,0,4,2.0,2
3217,0,8,4.0,2
3218,0,34,21.416666666666668,24
3221,0,24,13.0,6
3222,0,32,21.2,5
3223,0,20,12.666666666666666,3
3229,0,12,6.857142857142857,7
3230,0,20,10.444444444444445,18
3231,0,18,10.0,22
3233,0,18,10.0,3
3238,0,8,4.0,2
3239,0,8,4.5,4
3241,0,28,17.36,225
3242,0,18,7.333333333333333,3
3251,0,12,8.0,5
3252,0,4,2.0,2
3253,0,14,7.333333333333333,3
3256,0,28,14.0,2
3257,0,16,9.25,16
3268,0,4,2.0,2
3269,0,24,14.195777351247601,521
3271,0,4,2.0,2
3277,0,4,2.0,2
3278,0,10,6.285714285714286,7
3282,0,32,19.076923076923077,26
3285,0,4,2.0,2
3289,8,42,31.542,1000
3292,0,12,6.0,2
3297,0,8,4.4,5
3298,0,18,10.181818181818182,11
3299,0,14,7.6,5
3302,0,4,2.0,2
3306,0,16,11.5,16
3308,0,12,6.0,2
3309,0,4,2.0,2
3314,0,4,2.0,2
3315,0,14,8.285714285714286,7
3317,0,4,2.0,2
3319,0,4,2.0,2
3327,0,4,2.0,2
3328,0,24,8.75,8
3332,0,4,2.0,2
3338,8,28,18.932,1000
3341,0,8,4.0,2
3343,0,4,2.0,2
3344,0,30,15.290322580645162,31
3345,0,4,2.0,2
3346,0,22,16.30392156862745,204
3348,0,8,4.0,4
3350,0,6,3.0,2
3351,0,22,11.6,5
3354,0,20,13.161764705882353,136
3355,0,10,6.0,6
3357,0,6,3.3333333333333335,3
3362,0,16,8.5,4
3363,0,12,6.0,2
3372,0,4,2.0,2
3373,0,10,5.0,2
3374,0,10,5.333333333333333,3
3379,0,26,13.333333333333334,15
3380,0,12,6.0,4
3385,0,12,6.0,2
3386,0,14,8.866666666666667,30
3388,0,6,3.0,2
3389,0,20,11.777777777777779,9
3392,8,34,25.7,1000
3399,0,22,10.588235294117647,34
3400,0,12,6.0,4
3402,0,4,2.0,2
3403,0,24,14.4,20
3405,0,4,2.0,2
3406,0,8,4.0,4
3407,0,12,7.230769230769231,13
3408,0,14,8.117647058823529,17
3410,0,6,3.3333333333333335,3
3412,0,12,6.0,2
3415,0,12,6.666666666666667,3
3416,0,4,2.0,2
3418,0,4,2.0,2
3421,0,12,6.5,8
3425,0,24,12.0,2
3428,0,18,9.333333333333334,6
3430,0,12,6.0,4
3432,4,34,26.996,1000
3433,0,6,3.0,2
3435,0,20,12.0,38
3436,0,30,17.18032786885246,61
3437,0,6,4.0,4
3438,0,44,23.882,1000
3440,0,12,6.0,2
3442,0,30,20.0,16
3444,0,22,12.75,8
3445,0,20,16.5,16
3447,0,4,2.0,2
3448,0,26,16.036,1000
3449,0,10,5.777777777777778,9
3450,0,26,13.789473684210526,19
3452,0,16,8.0,2
3453,0,12,6.5,8
3454,0,30,19.6697247706422,109
3455,0,10,6.0,3
3456,0,6,3.3333333333333335,3
3459,0,4,2.6666666666666665,3
3460,0,8,4.0,3
3463,0,6,4.0,6
3464,0,6,3.0,2
3465,0,14,9.333333333333334,12
3468,0,8,4.0,2
3473,0,16,9.333333333333334,12
3474,0,12,6.0,2
3476,0,16,9.733333333333333,15
3479,0,6,3.0,2
3482,0,22,14.071428571428571,56
3484,0,8,4.0,4
3492,0,4,2.0,2
3493,0,10,5.5,4
3494,0,4,2.0,2
3495,0,6,3.3333333333333335,3
3496,0,4,2.0,2
3502,0,22,13.923076923076923,26
3505,0,4,2.0,2
3506,0,18,8.666666666666666,15
3507,0,8,4.0,4
3508,0,30,17.57281553398058,103
3510,0,18,10.0,14
3511,0,8,4.0,4
3517,0,18,12.5,4
3519,0,34,24.8,5
3522,0,8,4.0,3
3523,0,8,4.5,4
3525,0,20,9.0,6
3526,0,16,8.222222222222221,9
3527,0,18,9.2,20
3528,0,10,6.0,5
3529,0,18,7.333333333333333,3
3539,0,18,12.241379310344827,58
3540,0,8,4.5,4
3543,0,12,7.777777777777778,9
3544,0,4,2.0,2
3545,0,4,2.0,2
3546,0,22,10.764705882352942,34
3548,0,14,7.666666666666667,6
3549,0,4,2.0,2
3550,0,4,2.0,2
3551,0,26,16.52777777777778,72
3553,0,26,12.631578947368421,19
3554,0,4,2.0,2
3555,0,8,4.666666666666667,3
3559,0,48,38.956,1000
3564,0,6,3.0,2
3567,0,60,47.888888888888886,18
3569,0,4,2.0,2
3570,0,14,7.0,2
3572,0,8,4.0,3
3573,0,4,2.0,2
3577,0,24,13.333333333333334,3
3578,0,12,6.0,4
3580,0,4,2.0,2
3585,0,10,5.777777777777778,9
3586,0,4,2.0,2
3587,0,6,3.5,4
3588,0,6,3.3333333333333335,3
3590,0,8,4.0,2
3591,0,24,12.0,4
3592,0,4,2.0,2
3594,0,16,9.5,4
3596,0,12,6.117647058823529,17
3598,0,8,4.0,4
3600,0,4,2.0,2
3601,0,12,6.8,5
3603,0,12,5.0,4
3604,0,14,7.2,5
3606,0,6,3.3333333333333335,3
3609,0,4,2.0,2
3615,0,32,15.666666666666666,18
3616,0,22,13.4,30
3621,0,4,2.0,2
3625,0,12,8.0,3
3626,0,4,2.0,2
3629,0,6,3.0,2
3632,0,28,22.153846153846153,13
3634,0,20,9.75,16
3638,0,28,12.285714285714286,7
3640,0,8,4.0,2
3641,0,18,10.666666666666666,3
3649,0,6,3.0,2
3650,0,8,4.0,2
3652,0,12,6.0,2
3658,0,4,2.0,2
3660,0,4,2.0,2
3662,0,14,8.285714285714286,7
3663,0,14,8.0,5
3664,0,28,13.333333333333334,3
3670,0,4,2.0,2
3674,0,30,17.555555555555557,9
3678,0,4,2.0,2
3681,0,4,2.0,2
3682,4,32,22.106,1000
3683,0,20,12.597938144329897,194
3684,0,4,2.0,2
3686,0,16,6.666666666666667,3
3687,0,4,2.0,2
3691,0,20,10.0,2
3693,0,16,6.8,5
3694,0,28,14.0,2
3698,0,32,16.0,2
3700,0,24,18.129032258064516,62
3707,0,24,12.19047619047619,21
3708,0,14,7.777777777777778,9
3711,0,20,13.066666666666666,15
3716,0,22,11.0,2
3719,0,4,2.0,2
3721,0,24,13.258064516129032,62
3723,0,10,5.6,5
3730,0,8,4.0,2
3731,0,4,2.0,2
3733,0,24,12.0,2
3735,0,22,10.928571428571429,28
3736,0,26,16.31231231231231,333
3739,0,20,10.0,2
3740,0,4,2.0,2
3742,0,28,19.12280701754386,171
3746,0,8,4.5,4
3747,0,8,4.0,3
3755,0,6,3.3333333333333335,3
3757,0,30,16.666666666666668,12
3759,0,28,16.64,75
3764,0,30,21.07152145643693,769
3765,0,4,2.0,2
3770,0,26,11.333333333333334,3
3771,0,4,2.0,2
3772,0,8,4.5,4
3775,0,6,3.0,2
3776,0,4,2.0,2
3778,0,20,10.0,2
3780,0,4,2.0,2
3781,0,34,26.666666666666668,18
3785,0,14,7.142857142857143,7
3789,0,4,2.0,2
3793,0,18,10.0,5
3798,0,26,16.64,25
3799,0,4,2.0,2
3801,0,4,2.0,2
3807,0,4,2.0,2
3808,0,10,5.0,2
3810,0,16,9.0,4
3811,0,26,15.964601769911505,113
3814,0,4,2.0,2
3815,0,24,12.0,2
3820,0,34,16.4,5
3824,0,4,2.0,2
3825,0,8,4.0,3
3826,0,10,4.666666666666667,3
3830,0,16,8.444444444444445,9
3831,0,4,2.0,2
3838,0,18,6.8,5
3839,0,20,11.818181818181818,11
3841,0,16,8.0,2
3843,0,4,2.0,2
3846,0,24,14.666666666666666,3
3855,0,24,14.675675675675675,74
3858,0,16,9.153846153846153,26
3860,0,22,13.80952380952381,21
3861,0,20,9.666666666666666,6
3864,0,22,12.8,50
3865,0,32,19.566666666666666,180
3866,0,18,8.666666666666666,42
3869,0,28,13.2,5
3870,0,12,6.0,2
3871,0,16,8.444444444444445,9
3872,0,4,2.0,2
3876,0,22,12.698717948717949,312
3878,0,26,13.714285714285714,14
3880,0,14,8.0,5
3882,0,26,15.0234375,256
3883,0,18,13.619047619047619,42
3884,0,18,9.0,2
3887,0,8,4.0,3
3889,0,4,2.0,2
3890,0,16,8.909090909090908,22
3891,0,28,16.666666666666668,3
3893,0,4,2.0,2
3896,0,4,2.0,2
3898,0,24,11.2,5
3900,0,8,4.0,2
3901,0,4,2.0,2
3904,0,8,4.857142857142857,7
3906,0,12,7.6,15
3907,0,22,14.813559322033898,59
3909,0,18,9.75,8
3910,0,16,8.0,4
3914,0,32,19.634,1000
3917,0,6,3.0,2
3921,0,12,7.714285714285714,7
3925,0,14,7.5,16
3928,0,4,2.0,2
3930,0,10,5.8,10
3931,0,16,9.0,4
3933,0,24,13.851851851851851,27
3935,0,4,2.0,2
3939,0,16,8.0,2
3940,0,30,22.4,5
3945,0,26,14.933333333333334,15
3946,0,8,4.0,4
3950,0,14,7.333333333333333,3
3952,0,16,8.0,5
3954,0,4,2.0,2
3957,0,4,2.0,2
3958,0,16,10.0,8
3959,0,18,11.5,4
3970,0,4,2.0,2
3973,0,8,4.0,4
3976,0,8,4.0,2
3977,0,8,4.0,2
3979,0,4,2.0,2
3991,0,24,12.0,2
3992,0,8,4.0,4
3993,0,24,12.0,2
3994,0,20,13.571428571428571,14
4000,0,24,16.0,18
4001,0,6,3.0,2
4006,0,12,6.666666666666667,9
4008,0,22,12.0,12
4009,0,6,3.3333333333333335,3
4012,0,4,2.0,2
4015,0,4,2.0,2
4016,0,34,23.636363636363637,11
4017,0,4,2.0,2
4019,0,4,2.0,2
4020,0,8,5.5,4
4022,0,16,8.0,2
4023,0,8,4.0,2
4028,0,10,5.333333333333333,3
4029,0,20,12.428571428571429,98
4030,0,12,6.0,8
4032,0,4,2.0,2
4033,0,4,2.0,2
4035,0,8,4.0,2
4038,0,8,4.0,2
4040,0,4,2.0,2
4042,0,20,11.6,10
4043,0,6,3.5,4
4049,0,10,5.0,2
4053,0,8,5.0,4
4054,0,4,2.0,2
4057,0,10,5.0,4
4060,0,8,4.0,2
4063,0,8,4.666666666666667,3
4072,0,4,2.0,2
4074,0,4,2.0,2
4082,0,10,4.666666666666667,3
4083,0,16,7.333333333333333,6
4085,0,10,5.5,4
4091,0,40,23.333333333333332,9
4095,0,4,2.0,2
4096,0,4,2.0,2
4099,0,14,6.666666666666667,6
4101,0,4,2.0,2
4105,0,6,3.3333333333333335,3
4107,0,18,12.58308157099698,662
4110,0,4,2.0,2
4113,0,4,2.0,2
4115,0,10,5.666666666666667,6
4116,0,4,2.0,2
4122,0,18,12.222222222222221,9
4126,0,12,6.0,5
4127,0,10,5.0,2
4128,0,10,5.333333333333333,6
4141,0,32,14.736842105263158,19
4144,0,30,19.822222222222223,45
4145,0,16,10.235294117647058,34
4149,0,4,2.0,2
4150,0,28,14.0,2
4155,0,8,4.0,2
4156,0,12,6.0,2
4157,0,8,4.0,4
4161,0,14,8.666666666666666,3
4162,0,12,6.0,4
4163,0,8,4.0,2
4167,0,22,12.1,20
4174,0,4,2.0,2
4175,0,6,3.0,2
4176,0,16,8.0,2
4177,0,12,7.5,4
4178,0,20,12.133333333333333,15
4180,0,12,6.333333333333333,6
4181,0,4,2.0,2
4183,0,8,4.0,2
4187,0,16,10.789473684210526,38
4188,0,10,5.5,4
4189,0,20,12.941176470588236,17
4191,0,8,4.0,3
4197,0,22,8.666666666666666,3
4201,0,16,9.0,4
4204,0,4,2.0,2
4207,0,8,4.0,2
4212,0,8,4.0,2
4213,0,20,14.266666666666667,60
4219,0,6,3.0,2
4220,0,16,8.0,2
4223,0,24,15.738095238095237,84
4226,0,8,4.0,2
4229,0,14,7.333333333333333,6
4230,0,4,2.0,2
4231,0,38,22.0,26
4233,0,4,2.0,2
4237,0,4,2.0,2
4242,0,34,18.891304347826086,92
4243,0,12,6.0,2
4248,0,16,10.225352112676056,71
4249,0,8,4.0,2
4266,0,4,2.0,2
4273,0,28,18.549653579676676,866
4274,0,20,11.647058823529411,17
4280,0,46,29.666666666666668,6
4282,0,8,4.0,2
4283,0,4,2.0,2
4288,0,4,2.0,2
4289,0,12,6.0,4
4290,0,8,4.0,4
4291,0,24,16.8,5
4294,0,4,2.0,2
4297,0,10,6.0,7
4301,0,4,2.0,2
4306,0,8,4.5,4
4307,0,10,5.666666666666667,6
4313,0,12,6.857142857142857,7
4314,0,16,11.2,5
4316,0,32,18.439909297052154,441
4317,0,4,2.0,2
4318,0,22,13.142857142857142,7
4319,0,26,17.920187793427232,426
4333,0,14,8.444444444444445,36
4338,0,4,2.0,2
4339,0,22,14.0,6
4341,0,4,2.0,2
4343,0,32,16.0,2
4346,0,22,13.05050505050505,99
4354,0,4,2.0,2
4356,0,4,2.0,2
4357,0,8,4.0,2
4358,10,44,35.756,1000
4360,0,30,20.087719298245613,114
4362,0,4,2.0,2
4363,0,8,4.0,2
4366,0,16,8.0,3
4368,0,30,16.857142857142858,7
4375,0,6,3.3333333333333335,3
4377,0,28,14.0,2
4380,0,30,15.6,10
4381,0,16,9.714285714285714,7
4382,0,24,15.6,5
4383,0,24,12.0,2
4386,0,28,14.0,2
4387,0,14,8.0,3
4388,0,18,12.365591397849462,93
4390,0,42,27.451327433628318,452
4393,0,8,4.0,2
4398,0,16,8.0,2
4400,0,12,6.0,10
4401,0,18,11.0,4
4403,0,36,22.384,1000
4407,0,8,4.0,4
4412,0,4,2.6666666666666665,3
4419,0,14,8.5,4
4429,0,14,11.6,720
4431,0,8,4.0,4
4432,0,6,3.3333333333333335,3
4437,4,36,22.976,1000
4441,0,10,5.0,2
4446,0,36,18.0,2
4448,0,16,8.333333333333334,12
4450,0,22,11.333333333333334,3
4453,0,36,14.222222222222221,9
4456,0,4,2.0,2
4458,0,48,31.333333333333332,3
4459,0,8,4.0,2
4460,0,8,4.0,4
4461,0,12,6.666666666666667,3
4470,0,10,5.0,2
4471,0,18,7.384615384615385,13
4475,0,4,2.0,2
4476,0,30,20.958990536277604,317
4479,0,8,4.0,2
4483,0,4,2.0,2
4484,0,16,8.0,2
4489,0,22,10.941176470588236,17
4493,0,20,10.0,2
4494,0,4,2.0,2
4496,0,4,2.0,2
4497,0,4,2.0,2
4501,0,22,14.0,10
4506,0,28,17.333333333333332,3
4509,0,26,15.58,300
4511,0,20,10.0,4
4515,0,14,7.0,2
4522,0,8,4.0,4
4523,0,4,2.0,2
4526,0,8,4.0,2
4528,0,6,3.0,2
4530,0,22,11.903225806451612,62
4531,0,4,2.0,2
4532,0,24,14.487804878048781,82
4533,0,4,2.0,2
4535,0,8,4.857142857142857,7
4537,0,32,14.666666666666666,3
4540,0,14,7.0,4
4545,0,12,6.0,4
4561,0,20,14.823529411764707,34
4568,0,18,10.830769230769231,130
4574,0,14,9.0,12
4575,0,4,2.0,2
4576,0,18,10.692307692307692,26
4578,0,28,16.666666666666668,6
4582,0,4,2.0,2
4583,0,4,2.0,2
4585,0,4,2.0,2
4587,0,6,3.0,2
4588,0,8,4.0,4
4589,0,4,2.0,2
4591,0,24,17.024390243902438,287
4593,0,12,6.0,2
4598,0,4,2.0,2
4599,0,8,4.0,3
4600,0,14,8.0,9
4601,0,34,17.166666666666668,12
4604,0,8,4.0,4
4605,0,22,12.166666666666666,12
4606,0,8,4.0,2
4607,0,18,10.0,9
4609,0,8,4.0,3
4610,0,8,4.0,3
4612,0,4,2.0,2
4613,0,4,2.0,2
4614,0,28,18.503597122302157,139
4615,0,8,5.428571428571429,7
4616,0,4,2.0,2
4626,0,12,6.0,2
4628,0,18,11.333333333333334,3
4629,0,40,20.0,2
4630,0,12,6.0,2
4631,0,10,5.5,4
4646,0,8,4.0,2
4649,0,4,2.0,2
4653,0,4,2.0,2
4654,0,4,2.0,2
4657,0,14,8.375,16
4664,0,8,4.0,2
4666,0,6,3.0,2
4669,0,20,11.327586206896552,116
4672,0,6,3.3333333333333335,3
4679,0,12,6.0,2
4685,0,16,11.916666666666666,96
4686,0,4,2.0,2
4690,0,14,9.5,4
4691,0,34,24.08,1000
4693,0,4,2.0,2
4694,0,4,2.0,2
4696,0,12,6.7272727272727275,11
4697,0,4,2.0,2
4704,0,4,2.0,2
4705,0,10,7.333333333333333,24
4706,0,6,3.3333333333333335,3
4708,0,22,13.364705882352942,85
4710,0,4,2.0,2
4712,0,10,6.0,8
4713,0,24,12.142857142857142,14
4718,0,4,2.0,2
4719,0,24,12.0,2
4720,0,34,21.29943502824859,177
4723,0,4,2.0,2
4725,0,16,8.0,2
4726,0,14,8.5,4
4727,0,16,10.0,3
4731,0,8,5.0,6
4732,0,22,14.1875,64
4733,0,16,9.0,8
4738,0,8,4.0,3
4742,0,40,29.18,1000
4743,0,8,4.0,2
4744,0,4,2.0,2
4745,0,4,2.0,2
4747,0,20,11.0,4
4748,0,28,13.555555555555555,9
4752,0,4,2.0,2
4758,0,16,8.0,4
4760,0,4,2.0,2
4763,0,16,8.285714285714286,7
4765,0,18,11.35483870967742,62
4766,0,24,18.4,10
4769,0,6,3.0,2
4772,0,14,7.333333333333333,9
4777,0,8,4.0,3
4778,0,28,14.666666666666666,3
4780,0,4,2.0,2
4781,0,6,3.3333333333333335,3
4782,0,26,18.612244897959183,49
4783,0,26,8.5,4
4784,0,4,2.0,2
4789,0,14,8.6,10
4794,0,10,5.0,4
4810,0,4,2.0,2
4817,0,8,4.666666666666667,6
4818,0,24,13.294117647058824,34
4819,0,12,6.0,3
4826,0,4,2.0,2
4830,0,12,6.0,4
4836,0,28,14.0,6
4837,0,4,2.0,2
4840,0,14,8.222222222222221,9
4841,0,20,12.0,7
4843,0,4,2.0,2
4844,0,12,6.0,2
4848,0,48,32.14070351758794,199
4849,0,32,17.512,1000
4852,0,20,13.04,50
4855,0,26,17.714285714285715,7
4861,0,4,2.0,2
4864,0,4,2.0,2
4865,0,20,9.333333333333334,9
4869,0,14,7.0,2
4873,0,36,21.12280701754386,57
4875,0,4,2.0,2
4880,0,22,11.67123287671233,73
4881,0,22,14.78048780487805,41
4884,0,4,2.0,2
4887,0,6,3.0,2
4888,0,12,6.0,4
4891,0,4,2.0,2
4894,0,12,6.0,4
4902,0,4,2.0,2
4905,0,4,2.0,2
4909,0,42,21.0,2
4913,0,4,2.0,2
4920,0,12,6.0,4
4921,0,14,8.0,14
4922,0,22,11.0,2
4923,0,22,12.79861111111111,288
4924,0,28,18.264705882352942,68
4926,0,32,16.0,2
4927,0,4,2.0,2
4930,0,30,14.1875,32
4934,0,10,5.5,8
4935,0,4,2.0,2
4937,0,18,12.0,9
4939,0,20,11.058823529411764,34
4940,0,16,8.0,2
4941,0,30,15.885714285714286,70
4942,0,4,2.0,2
4943,0,8,5.0,6
4946,0,8,4.0,3
4948,0,20,12.583333333333334,96
4950,0,18,11.2,5
4952,0,8,4.0,2
4956,0,4,2.0,2
4960,0,4,2.0,2
4961,0,28,17.636363636363637,22
4962,0,12,7.2,5
4963,0,24,12.8,5
4964,0,8,4.0,4
4965,0,4,2.0,2
4969,0,20,10.851485148514852,101
4970,0,4,2.0,2
4971,0,10,6.0,3
4973,0,16,9.35897435897436,156
4974,0,6,4.0,5
4976,0,4,2.0,2
4978,0,16,9.428571428571429,7
4983,0,34,25.40909090909091,44
4986,0,18,10.1,20
4990,4,42,23.712,1000
4991,0,4,2.0,2
4992,0,4,2.0,2
4993,0,12,5.333333333333333,3
4994,0,14,7.111111111111111,9
4996,0,4,2.0,2
4997,0,20,9.166666666666666,12
